{
  "project_info": {
    "project_number": "997501583428",
    "project_id": "online-shop-80c7b",
    "storage_bucket": "online-shop-80c7b.appspot.com"
  },
  "client": [
    {
      "client_info": {
        "mobilesdk_app_id": "1:997501583428:android:bd5322af46971169247c11",
        "android_client_info": {
          "package_name": "com.example.onlineshop"
        }
      },
      "oauth_client": [],
      "api_key": [
        {
          "current_key": "AIzaSyCgqjZHJx5-fVoOMylUlNtqDvMR8oSXYrs"
        }
      ],
      "services": {
        "appinvite_service": {
          "other_platform_oauth_client": []
        }
      }
    }
  ],
  "configuration_version": "1"
}